"External ID","Name","Street","Street2","City","State/State Code","State/State Name","Country/Country Code","Country/Country Name","Zip","Timezone","Address Type","Email","Fax","Mobile","Phone","Notes","Contact Reference","Credit Limit","Payable Limit","Website","Is a Company","Supplier","Customer","Employee","Related Company/Name","Customer Payment Term/Payment Term","Job Position"
,"Akei Holdings Company Ltd.","1/F., Block D, Ka Ming Fty","688-690 Castle Peak Road","Kowloon",,,"HK","Hong Kong",,,"Invoice",,"011-86-750-26131178",,"011-86-138-2236-8819",,,50000,,,"TRUE","FALSE","TRUE","FALSE",,"Net-30 Days",
,"Aleris Rolled Products, Inc.","25825 Science Park Drive","Suite 400","Beachwood","OH","Ohio","US","United States",44122,,"Invoice",,"216-910-3657",,,,,50000,,,"TRUE","FALSE","TRUE","FALSE",,"Net-30 Days",
,"Alstom Power","801 Pennsylvania Ave NW","Suite #855","Washington D.C.","DC","District of Columbia","US","United States",41018,,"Other",,,,"202 495 4960",,,50000,,,"TRUE","FALSE","TRUE","FALSE",,"Net-30 Days",
,"Amcor Rigid Plastics, Inc. ","Attn: Accounts Payable","10521 South Highway M-52","Manchester","MI","Michigan","US","United States",48158,,"Invoice",,,,"734-428-9741",,,50000,,,"TRUE","FALSE","TRUE","FALSE",,"Net-30 Days",
,"American Tooling Center","4111 Mt. Hope Rd",,"Grass Lake","MI","Michigan","US","United States",49240,,"Invoice",,"517-522-8078",,"517-522-8411",,,50000,,,"TRUE","FALSE","TRUE","FALSE",,"Net-30 Days",
,"ArvinMeritor","2135 West Maple Road",,"Troy","MI","Michigan","US","United States",48084,,"Other",,,,"248-435-3602",,,50000,,,"TRUE","FALSE","TRUE","FALSE",,"Net-30 Days",
,"Avery Dennison","Attn: Accounts Payable","PO Box 696509","San Antonio","TX","Texas","US","United States",78269,,"Invoice",,"440-815-2269",,,,,50000,,,"TRUE","FALSE","TRUE","FALSE",,"Net-90 Days",
,"Bosch ","Attn: Accounts Payable","1800 W. Central Road","Mount Prospect","IL","Illinois","US","United States",60056,,"Invoice",,"816-629-2323",,"816-392-8540",,,50000,,,"TRUE","FALSE","TRUE","FALSE",,"Net-30 Days",
,"Bridgestone","PO Box 1505",,"Findlay","OH","Ohio","US","United States",45839,,"Invoice",,,,"419-294-6989",,,50000,,,"TRUE","FALSE","TRUE","FALSE",,"Net-30 Days",
,"Ohio Bureau of Workers Compensation (BWC)","615 W Superior Ave # 6,",,"Cleveland","OH","Ohio","US","United States",44113,,"Other",,,,"216-787-3060",,,50000,,"www.bwclearningcenter.com","TRUE","FALSE","TRUE","FALSE",,"Net-30 Days",
,"Caravan Ingredients, Inc.","Attn:  Accounts Payable","7905 Quivira Road","Lenexa","KS","Kansas","US","United States",66215,,"Invoice",,"913-888-4970",,"913-890-5428J",,,50000,,"www.corbion.com","TRUE","FALSE","TRUE","FALSE",,"Net-30 Days",
,"Carpenter Technology Corp.","PO Box 14662",,"Reading","PA","Pennsylvania","US","United States","19612-4662",,"Invoice",,,,"610-207-8834",,,50000,,,"TRUE","FALSE","TRUE","FALSE",,"Net-30 Days",
,"Consolidated Container Co.","3101 Towercreek Parkway",,"Atlanta","GA","Georgia","US","United States",30339,,"Invoice",,"678-742-4751",,"678-742-4600",,,50000,,,"TRUE","FALSE","TRUE","FALSE",,"Net-30 Days",
,"Center for Disease Control & Prev (FMO)","PO Box 15580",,"Atlanta","GA","Georgia","US","United States","30333-0080",,"Invoice",,,,"404-718-8100",,,50000,,,"TRUE","FALSE","TRUE","FALSE",,"Net-30 Days",
,"CertainTeed Corporation","PO Box 6100",,"Southeastern","PA","Pennsylvania","US","United States",19398,,"Invoice",,"336-696-2079",,"336-696-2007",,,50000,,,"TRUE","FALSE","TRUE","FALSE",,"Net-30 Days",
,"Cole Tool & Die Company","PO Box 187",,"Mansfield","OH","Ohio","US","United States","44901-0187",,"Invoice",,"419-522-5815",,"419-522-1272",,,50000,,,"TRUE","FALSE","TRUE","FALSE",,"Net-60 Days",
,"Denso International America Inc.","Attn: A/P MC:4210","PO Box 5047","Southfield","MI","Michigan","US","United States","48086-5047",,"Invoice",,,,"865-738-2411",,,50000,,,"TRUE","FALSE","TRUE","FALSE",,"Net-30 Days",
,"Dow Chemical","2040 Dow Ctr.",,"Midland","MI","Michigan","US","United States",48674,,"Other",,,,"989-636-1556",,,50000,,,"TRUE","FALSE","TRUE","FALSE",,"Net-30 Days",
,"Eaton Corporation","NAFSC - 3437","PO Box 818035","Cleveland","OH","Ohio","US","United States","44181-8035",,"Invoice",,"517-789-1718",,"517-789-1161",,,50000,,,"TRUE","FALSE","TRUE","FALSE",,"Net-30 Days",
,"EESCO","2401 Internationale",,"Woodridge","IL","Illinois","US","United States",60517,,"Invoice",,"630-633-2026",,"630-296-2555",,,50000,,,"TRUE","FALSE","TRUE","FALSE",,"Net-30 Days",
,"Exxon Mobil Chemical Co.","11440 Hwy 90",,"Beaumont","TX","Texas","US","United States",77713,,"Invoice",,,,"409-860-1526",,,50000,,,"TRUE","FALSE","TRUE","FALSE",,"Net-30 Days",
,"Fenner Precision, LLC","Tritton Road",,"Lincoln",,,"UK","United Kingdom","LN6 7AF",,"Invoice",,"717-664-8353",,"717-664-8260",,,50000,,"www.fennerprecision.com","TRUE","FALSE","TRUE","FALSE",,"Net-30 Days",
,"Faurecia Interior Systems, Inc.","PO Box 214680",,"Auburn Hills","MI","Michigan","US","United States","48321-4680",,"Invoice",,,,"248-409-3658",,,50000,,,"TRUE","FALSE","TRUE","FALSE",,"Net-30 Days",
,"FTE Automotive USA Inc.","4000 Pinnacle Court",,"Auburn Hills","MI","Michigan","US","United States",48326,,"Invoice",,"248-377-4963",,"248-340-1259",,,50000,,,"TRUE","FALSE","TRUE","FALSE",,"Net-30 Days",
,"General Motors","GFSS","PO Box 982002","EL Paso","TX","Texas","US","United States","79998-2002",,"Invoice",,,,"248-874-4636",,,50000,,,"TRUE","FALSE","TRUE","FALSE",,"Net-60 Days",
,"Graham Packaging, Inc.","2401 Pleasant Valley Road",,"York","PA","Pennsylvania","US","United States",17402,,"Other",,"717-848-4836",,"717-849-8775",,,50000,,,"TRUE","FALSE","TRUE","FALSE",,"Net-30 Days",
,"Greif, Inc.-US","Accounts Payable","PO Box 8014","Delaware","OH","Ohio","US","United States",43015,,"Invoice",,,,"740-549-6000",,,100000,,,"TRUE","FALSE","TRUE","FALSE",,"Net-30 Days",
,"Greif, Inc.-CA","Accounts Payable","300 University Ave.","Belleville","ON","Ontario","CA","Canada","K8N 5T6",,"Invoice",,,,"613-968-6429",,,100000,,,"TRUE","FALSE","TRUE","FALSE",,"Net-30 Days",
,"Honeywell","ACS Accounts Payable","PO Box 982304","El Paso","TX","Texas","US","United States",79998,,"Invoice",,"514-422-3493",,"514-422-3551",,,50000,,,"TRUE","FALSE","TRUE","FALSE",,"Net-30 Days",
,"Industrial Distribution Group","2100 Oaks Parkway",,"Belmount","NC","North Carolina","US","United States",28012,,"Invoice",,,,,,,50000,,,"TRUE","FALSE","TRUE","FALSE",,"Net-30 Days",
,"International Paper","Shared Services","PO Box 470","Milford","OH","Ohio","US","United States",45150,,"Invoice",,"559-651-0170",,"877-447-2737",,,50000,,,"TRUE","FALSE","TRUE","FALSE",,"Net-30 Days",
,"Kimberly Clark","Accounts Payable","PO BOX 59099","Knoxville","TN","Tennessee","US","United States","37950-9099",,"Invoice",,"(918) 366-5050",,"918-366-5000",,,50000,,,"TRUE","FALSE","TRUE","FALSE",,"Net-30 Days",
,"KUKA Assembly and Test Corp.","PO Box 1968",,"Saginaw","MI","Michigan","US","United States",48605,,"Invoice",,"989-777-2922",,"989-777-2111",,,50000,,,"TRUE","FALSE","TRUE","FALSE",,"Net-30 Days",
,"Lear Corporation","21557 Telegraph Road ",,"Southfield","MI","Michigan","US","United States",48033,,"Other",,,,"248-447-1500",,,50000,,,"TRUE","FALSE","TRUE","FALSE",,"Net-30 Days",
,"LiDestri Foods, Inc.","Attn: Accounts Payable","815 Whitney Rd. W.","Fairport","NY","New York","US","United States",14450,,"Invoice",,,,,,,50000,,,"TRUE","FALSE","TRUE","FALSE",,"Net-30 Days",
,"Lord Corporation","Attn: Accounts Payable","1635  West 12th Street","Erie","PA","Pennsylvania","US","United States",16505,,"Invoice",,"814-860-3780",,"814-868-0924",,,50000,,,"TRUE","FALSE","TRUE","FALSE",,"Net-30 Days",
,"Mauser","2001 Westside Parkway","Suite 130","Alpharetta","GA","Georgia","US","United States",,,"Other",,,,"678-542-1006",,,50000,,,"TRUE","FALSE","TRUE","FALSE",,"Net-30 Days",
,"McNaughton-McKay Electric Co. Customer","PO Box 71487",,"Madison Hts.","MI","Michigan","US","United States",48071,,"Invoice",,"248-399-6828",,"248-414-2168",,,50000,,,"TRUE","FALSE","TRUE","FALSE",,"Net-30 Days",
,"MS Plastic Welders, LLC","1101 Highview Drive",,"Webberville","MI","Michigan","US","United States",48892,,"Invoice",,"517-223-0829",,"517-223-1059",,,50000,,,"TRUE","FALSE","TRUE","FALSE",,"Net-30 Days",
,"Nestle USA","PO Box 5805",,"Troy","MI","Michigan","US","United States","48007-5805",,"Invoice",,,,"888-202-4554",,,50000,,,"TRUE","FALSE","TRUE","FALSE",,"Net-30 Days",
,"Plastic Container Corp.","P.O. Box 438",,"Champaign","IL","Illinois","US","United States","61824-0438",,"Invoice",,"217-352-2822",,"217-352-2772",,,50000,,,"TRUE","FALSE","TRUE","FALSE",,"Net-30 Days",
,"Powerhouse Controls Limited","PO Box 23045",,"Stratford","ON","Ontario","CA","Canada","N5A 7V8",,"Invoice",,"519-273-6221",,"519-273-6602",,,50000,,,"TRUE","FALSE","TRUE","FALSE",,"Net-30 Days",
,"Quemetco, Inc","Attn: Accounts Payable","2777 N. Stemmons Fwy. Ste 1800","Dallas","TX","Texas","US","United States","75207-2508",,"Invoice",,,,"214-631-6070",,,50000,,,"TRUE","FALSE","TRUE","FALSE",,"Net-30 Days",
,"Ralcorp Holdings (Ralston Foods)","PO Box 88954",,"St. Louis","MO","Missouri","US","United States",63188,,"Invoice",,"269-968-8392",,"269-968-8392",,,50000,,,"TRUE","FALSE","TRUE","FALSE",,"Net-30 Days",
,"Rayonier Performance Fiber","1301 Riverplace Blvd","Suite 2300","Jacksonville","FL","Florida","US","United States",32207,,"Other",,,,,,,50000,,,"TRUE","FALSE","TRUE","FALSE",,"Net-30 Days",
,"Rexam Plastic Packaging","AP Plaza One","1899 N. Wilkinson Way","Perrysburg","OH","Ohio","US","United States",43551,,"Invoice",,"567-336-7200",,"567-336-8049",,,50000,,,"TRUE","FALSE","TRUE","FALSE",,"Net-30 Days",
,"Rockwell Automation US","PO BOX 2167",,"Milwaukee","WI","Wisconsin","US","United States",53201,,"Invoice",,"440-646-4843",,"440-646-4875",,,50000,,,"TRUE","FALSE","TRUE","FALSE",,"Net-30 Days",
,"Rockwell Automation CA","135 Dundas Street",,"Cambridge","ON","Ontario","CA","Canada","N1R 5X1",,"Invoice",,,,"519-244-5016",,,50000,,,"TRUE","FALSE","TRUE","FALSE",,"Net-30 Days",
,"Silgan Holdings, Inc.","4 Landmark Square","Suite 400","Stamford","CT","Connecticut","US","United States",6901,,"Other",,,,"203-975-7110",,,50000,,,"TRUE","FALSE","TRUE","FALSE",,"Net-30 Days",
,"Sur-Flo Plastics, Inc.","24358 Groesbeck Hwy.",,"Warren","MI","Michigan","US","United States",48089,,"Invoice",,"586-773-4433",,"586-773-0400",,,50000,,,"TRUE","FALSE","TRUE","FALSE",,"Net-30 Days",
,"Tekni-Plex  ","460 E. Swedesford Rd.","Suite 3000","Wayne","PA","Pennsylvania","US","United States",19087,,"Invoice",,,,"484-690-1524",,,50000,,,"TRUE","FALSE","TRUE","FALSE",,"Net-30 Days",
,"Department of Veteran Affairs","Austin Payment Center","PO Box 149971","Austin","TX","Texas","US","United States","78714-8971",,"Invoice",,"512-460-5545",,"877-353-8971",,,50000,,,"TRUE","FALSE","TRUE","FALSE",,"Net-30 Days",
,"Washtenaw County","Facilities Management / 81068","PO Box 8645","Ann Arbor","MI","Michigan","US","United States","48107-8645",,"Invoice",,"734-973-4573",,"734-260-5244",,,50000,,,"TRUE","FALSE","TRUE","FALSE",,"Net-30 Days",
,"Wek Industries, Inc.","1001 NE Market Street",,"Reedsville","NC","North Carolina","US","United States",27320,,"Invoice",,,,"336-342-4101",,,100000,,,"TRUE","FALSE","TRUE","FALSE",,"2%-10 Days/Net-30 Days",
,"Akei Holdings - Kai Ping","Wu Long Industrial District","Chi Kan Town","Kai Ping",,"Guang Dong Province","CN","China",,,"Shipping",,"011-86-750-26131178",,"011-86-138-2236-8819",,,50000,,,"TRUE","FALSE","TRUE","FALSE","Akei Holdings Company Ltd.","Net-30 Days",
,"Aleris - Uhrichsville","7319 Newport Rd. S.E.",,"Uhrichsville","OH","Ohio","US","United States",44683,,"Shipping",,"216-910-3657",,,,,50000,,,"TRUE","FALSE","TRUE","FALSE","Aleris Rolled Products, Inc.","Net-30 Days",
,"Alstom Power - Erlanger","1500 Jamike Lane",,"Erlanger","KY","Kentucky","US","United States",41018,,"Default",,,,"859-488-0999",,,50000,,,"TRUE","FALSE","TRUE","FALSE","Alstom Power","Net-30 Days",
,"Amcor Rigid Plastics - Allentown","6974 Schantz Road",,"Allentown","PA","Pennsylvania","US","United States",18106,,"Shipping",,,,"610-871-8926 ",,,50000,,,"TRUE","FALSE","TRUE","FALSE","Amcor Rigid Plastics, Inc. ","Net-30 Days",
,"Amcor Rigid Plastics - Bellevue","975 West Main St.",,"Bellevue","OH","Ohio","US","United States",44811,,"Shipping",,,,,,,50000,,,"TRUE","FALSE","TRUE","FALSE","Amcor Rigid Plastics, Inc. ","Net-30 Days",
,"Amcor Rigid Plastics - Blythewood","1080 Jenkins Brothers Road",,"Blythewood","SC","South Carolina","US","United States","29016-7753",,"Shipping",,,,"803-691-7000",,,50000,,,"TRUE","FALSE","TRUE","FALSE","Amcor Rigid Plastics, Inc. ","Net-30 Days",
,"Amcor Rigid Plastics - Brampton","95 Biscayne Cres",,"Brampton","ON","Ontario","CA","Canada","L6W 4R2",,"Shipping",,,,"905-450-5579",,,50000,,,"TRUE","FALSE","TRUE","FALSE","Amcor Rigid Plastics, Inc. ","Net-30 Days",
,"Amcor Rigid Plastics - Chino","14270 Ramona Avenue",,"Chino","CA","California","US","United States",91710,,"Shipping",,,,"734-428-9741",,,50000,,,"TRUE","FALSE","TRUE","FALSE","Amcor Rigid Plastics, Inc. ","Net-30 Days",
,"Amcor Rigid Plastics - Commerce","2110 Yates Avenue",,"Commerce","CA","California","US","United States",90040,,"Shipping",,"323-838-6309",,"323-838-6300",,,50000,,,"TRUE","FALSE","TRUE","FALSE","Amcor Rigid Plastics, Inc. ","Net-30 Days",
,"Amcor Rigid Plastics - Denver","4990 Ironton St.",,"Denver","CO","Colorado","US","United States",80239,,"Shipping",,,,"303-371-1350",,,100000,,,"TRUE","FALSE","TRUE","FALSE","Amcor Rigid Plastics, Inc. ","1%-10 Days/Net-30 Days",
,"Amcor Rigid Plastics - Fairfield","2425 South Watney Way",,"Fairfield","CA","California","US","United States",94533,,"Shipping",,"707-421-1999",,"707-399-6500",,,50000,,,"TRUE","FALSE","TRUE","FALSE","Amcor Rigid Plastics, Inc. ","Net-30 Days",
,"Amcor Rigid Plastics - Franklin","3201 Bearing Drive",,"Franklin","IN","Indiana","US","United States",46131,,"Shipping",,"317-736-4067",,"317-736-4313",,,100000,,,"TRUE","FALSE","TRUE","FALSE","Amcor Rigid Plastics, Inc. ","Net-30 Days",
,"Amcor Rigid Plastics - Ft Worth","4324 Fleetwood",,"Ft Worth","TX","Texas","US","United States",76155,,"Shipping",,,,,,,50000,,,"TRUE","FALSE","TRUE","FALSE","Amcor Rigid Plastics, Inc. ","Net-30 Days",
,"Amcor Rigid Plastics - Joplin","3503 Enterprise Avenue","Suite B","Joplin","MO","Missouri","US","United States",64801,,"Shipping",,"734-428-0761",,"734-428-9741 ",,,50000,,,"TRUE","FALSE","TRUE","FALSE","Amcor Rigid Plastics, Inc. ","Net-30 Days",
,"Amcor Rigid Plastics - Lathrop","401 Nestle Way",,"Lathrop","CA","California","US","United States",95330,,"Shipping",,,,,,,50000,,,"TRUE","FALSE","TRUE","FALSE","Amcor Rigid Plastics, Inc. ","Net-30 Days",
,"Amcor Rigid Plastics - Manchester","10521 S.Highway M-52",,"Manchester","MI","Michigan","US","United States",48158,,"Shipping",,,,,,,100000,,,"TRUE","FALSE","TRUE","FALSE","Amcor Rigid Plastics, Inc. ","Net-30 Days",
,"Amcor Rigid Plastics - Napoleon","12293 St. Rt. 110",,"Napoleon","OH","Ohio","US","United States",43545,,"Shipping",,"419-592-0940",,"419-592-1998",,,100000,,,"TRUE","FALSE","TRUE","FALSE","Amcor Rigid Plastics, Inc. ","Net-30 Days",
,"Amcor Rigid Plastics - Orlando","10260 Ringhaver Dr.",,"Orlando","FL","Florida","US","United States",32824,,"Shipping",,,,,,,50000,,,"TRUE","FALSE","TRUE","FALSE","Amcor Rigid Plastics, Inc. ","Net-30 Days",
,"Amcor Rigid Plastics - Tucson","6161 S. Palo Verde Road",,"Tucson","AZ","Arizona","US","United States",85706,,"Shipping",,,,,,,100000,,,"TRUE","FALSE","TRUE","FALSE","Amcor Rigid Plastics, Inc. ","1%-10 Days/Net-30 Days",
,"Amcor Rigid Plastics - Tumwater","3045 - 32nd Avenue S.W.",,"Tumwater","WA","Washington","US","United States",98512,,"Shipping",,,,"360-943-2527",,,100000,,,"TRUE","FALSE","TRUE","FALSE","Amcor Rigid Plastics, Inc. ","2%-10 Days/Net-30 Days",
,"Amcor Rigid Plastics - Wytheville","474 Gator Lane",,"Wytheville","VA","Virginia","US","United States",24382,,"Shipping",,,,,,,50000,,,"TRUE","FALSE","TRUE","FALSE","Amcor Rigid Plastics, Inc. ","Net-30 Days",
,"Amcor Rigid Plastics - Moncton","66 English Drive",,"Moncton","NB","New Brunswick","CA","Canada","E1E 4G1",,"Shipping",,"506-858-7806",,"506-857-8116",,,50000,,,"TRUE","FALSE","TRUE","FALSE","Amcor Rigid Plastics, Inc. ","Net-30 Days",
,"Amcor Rigid Plastics - Nicholasville","801 Memorial Drive",,"Nicholasville","KY","Kentucky","US","United States",40356,,"Shipping",,,,"859-885-6087",,,100000,,,"TRUE","FALSE","TRUE","FALSE","Amcor Rigid Plastics, Inc. ","Net-30 Days",
,"American Tooling Center - Jackson","1150 S. Elm St.",,"Jackson","MI","Michigan","US","United States",49203,,"Shipping",,"517-522-8078",,"517-522-8411",,,50000,,,"TRUE","FALSE","TRUE","FALSE","American Tooling Center","Net-30 Days",
,"ArvinMeritor - Frankfort","88 Steadmantown Lane",,"Frankfort","KY","Kentucky","US","United States",40601,,"Default",,"502-695-6525",,"502-695-1431",,,50000,,,"TRUE","FALSE","TRUE","FALSE","ArvinMeritor","Net-30 Days",
,"ArvinMeritor - Morristown","One Rockwell Drive",,"Morristown","TN","Tennessee","US","United States",37813,,"Default",,,,"248-435-3602",,,50000,,,"TRUE","FALSE","TRUE","FALSE","ArvinMeritor","Net-30 Days",
,"Avery Dennison - Miamisburg","170 Monarch Lane","Receiving Dock A","Miamisburg","OH","Ohio","US","United States",45342,,"Shipping",,"440-815-2269",,,,,50000,,,"TRUE","FALSE","TRUE","FALSE","Avery Dennison","Net-90 Days",
,"Bosch  - Albion","1613 Progress Drive",,"Albion","IN","Indiana","US","United States",46701,,"Shipping",,,,,,,50000,,,"TRUE","FALSE","TRUE","FALSE","Bosch ","Net-30 Days",
,"Bosch  - Excelsior Springs","140 Corum Road",,"Excelsior Springs","MO","Missouri","US","United States",64024,,"Shipping",,"816-629-2323",,"816-392-8540",,,50000,,,"TRUE","FALSE","TRUE","FALSE","Bosch ","Net-30 Days",
,"Bosch  - Farmington Hills","38000 Hills Tech Drive",,"Farmington Hills","MI","Michigan","US","United States",48331,,"Shipping",,,,"248-876-2135",,,50000,,,"TRUE","FALSE","TRUE","FALSE","Bosch ","Net-30 Days",
,"Bridgestone - Upper Sandusky","235 Commerce Way",,"Upper Sandusky","OH","Ohio","US","United States",43351,,"Shipping",,,,"419-294-6989",,,50000,,,"TRUE","FALSE","TRUE","FALSE","Bridgestone","Net-30 Days",
,"Ohio (BWC) - Pickerington","Training & Education Services","13430 Yarmouth Drive","Pickerington","OH","Ohio","US","United States",43147,,"Default",,,,"614-466-0386",,,50000,,,"TRUE","FALSE","TRUE","FALSE","Ohio Bureau of Workers Compensation (BWC)","Net-30 Days",
,"Caravan Ingredients - Kansas City","550 S. 18th Street",,"Kansas City","KS","Kansas","US","United States",66105,,"Shipping",,"913-888-4970",,"913-890-5428J",,,50000,,,"TRUE","FALSE","TRUE","FALSE","Caravan Ingredients, Inc.","Net-30 Days",
,"Carpenter Technology Corp. - Reading","Bldg 109 Recvg Dept Gate 6","Hartman & Sofianos Roads","Reading","PA","Pennsylvania","US","United States",19605,,"Shipping",,,,"610-207-8834",,,50000,,,"TRUE","FALSE","TRUE","FALSE","Carpenter Technology Corp.","Net-30 Days",
,"Consolidated Container Co. - Atlanta","400 Indeco Drive, Suite A",,"Atlanta","GA","Georgia","US","United States",30336,,"Shipping",,"678-742-4751",,"678-742-4600",,,50000,,,"TRUE","FALSE","TRUE","FALSE","Consolidated Container Co.","Net-30 Days",
,"Consolidated Container Co. - Baltimore","7100 East Baltimore Street",,"Baltimore","MD","Maryland","US","United States",21224,,"Shipping",,"410-285-5454",,"410-288-7307",,,50000,,,"TRUE","FALSE","TRUE","FALSE","Consolidated Container Co.","Net-30 Days",
,"Center for Disease Control & Prev (FMO) - Pittsburgh","Office Aquisition Svcs, Bch 4","Box 18070, 626 Cochrans Mill","Pittsburgh","PA","Pennsylvania","US","United States","15236-0070",,"Shipping",,,,"404-718-8100",,,50000,,,"TRUE","FALSE","TRUE","FALSE","Center for Disease Control & Prev (FMO)","Net-30 Days",
,"CertainTeed Corporation - North Wilkesboro","FCD Roaring River, NC","1149 Abtco Roadstreet","North Wilkesboro","NC","North Carolina","US","United States",28659,,"Shipping",,"336-696-2079",,"336-696-2007 ",,,50000,,,"TRUE","FALSE","TRUE","FALSE","CertainTeed Corporation","Net-30 Days",
,"Cole Tool & Die Company - Ontario","466 State Route 314 North",,"Ontario","OH","Ohio","US","United States",44903,,"Shipping",,"419-522-5815",,"419-522-1272",,,50000,,,"TRUE","FALSE","TRUE","FALSE","Cole Tool & Die Company","Net-60 Days",
,"Denso Manufacturing - Athens","2400 Denso Drive",,"Athens","TN","Tennessee","US","United States",37303,,"Shipping",,"423-746-1156",,"423-746-0000",,,50000,,,"TRUE","FALSE","TRUE","FALSE","Denso International America Inc.","Net-30 Days",
,"Denso Manufacturing - Southfield","Southfield Ship & Rec Whse.","24777 Denso Drive","Southfield","MI","Michigan","US","United States",48033,,"Shipping",,,,"865-738-2411",,,50000,,,"TRUE","FALSE","TRUE","FALSE","Denso International America Inc.","Net-30 Days",
,"Dow Chemical - Ironton","925 County Road 1A",,"Ironton","OH","Ohio","US","United States",45638,,"Default",,"740-533-4030",,"740-533-4149",,,50000,,,"TRUE","FALSE","TRUE","FALSE","Dow Chemical","Net-30 Days",
,"Eaton Corporation - Jackson","2425 W. Michigan Ave",,"Jackson","MI","Michigan","US","United States",49202,,"Shipping",,"517-789-1718",,"517-789-1161",,,50000,,,"TRUE","FALSE","TRUE","FALSE","Eaton Corporation","Net-30 Days",
,"Ebner Furnaces - Wadsworth","224 Quadral Drive",,"Wadsworth","OH","Ohio","US","United States",44281,,"Shipping",,,,,,,50000,,,"TRUE","FALSE","TRUE","FALSE",,"Net-30 Days",
,"EESCO - Jacksonville","6209 Bowdendale Ave",,"Jacksonville","FL","Florida","US","United States",32216,,"Shipping",,"630-633-2026",,"630-296-2555",,,50000,,,"TRUE","FALSE","TRUE","FALSE","EESCO","Net-30 Days",
,"Exxon Mobil - Beaumont","3795 West Cardinal Dr.","Beaumont",,"TX","Texas","US","United States",77705,,"Shipping",,,,"409-860-1526",,,50000,,,"TRUE","FALSE","TRUE","FALSE","Exxon Mobil Chemical Co.","Net-30 Days",
,"Fenner Precision - Manheim","250 South Penn St.",,"Manheim","PA","Pennsylvania","US","United States",17545,,"Shipping",,"717-664-8353",,"717-664-8260",,,50000,,,"TRUE","FALSE","TRUE","FALSE","Fenner Precision, LLC","Net-30 Days",
,"Faurecia Interior Systems - Auburn Hills","PO Box 214680",,"Auburn Hills","MI","Michigan","US","United States","48321-4680",,"Shipping",,,,"248-409-3658",,,50000,,,"TRUE","FALSE","TRUE","FALSE","Faurecia Interior Systems, Inc.","Net-30 Days",
,"Faurecia Interior Systems - Fountain Inn","101 International Blvd","Plant 1","Fountain Inn","SC","South Carolina","US","United States",29644,,"Shipping",,,,,,,50000,,,"TRUE","FALSE","TRUE","FALSE","Faurecia Interior Systems, Inc.","Net-30 Days",
,"Faurecia Interior Systems - Fraser","17801 East 14 Mile Road","US17-INA-FRS","Fraser","MI","Michigan","US","United States",48026,,"Shipping",,,,,,,50000,,,"TRUE","FALSE","TRUE","FALSE","Faurecia Interior Systems, Inc.","Net-30 Days",
,"Faurecia Interior Systems - Louisville","2000 Stanley Gault Parkway",,"Louisville","KY","Kentucky","US","United States",40223,,"Shipping",,,,,,,50000,,,"TRUE","FALSE","TRUE","FALSE","Faurecia Interior Systems, Inc.","Net-30 Days",
,"Faurecia Interior Systems - Puebla","KM 117 Autopista Mexico Puebla","Nave 17 Parque Industrial Fins","Puebla",,,"MX","Mexico",72710,,"Shipping",,,,,,,50000,,,"TRUE","FALSE","TRUE","FALSE","Faurecia Interior Systems, Inc.","Net-30 Days",
,"Faurecia Interior Systems - Saline","7700 Michigan Avenue",,"Saline","MI","Michigan","US","United States",48176,,"Shipping",,,,,,,50000,,,"TRUE","FALSE","TRUE","FALSE","Faurecia Interior Systems, Inc.","Net-30 Days",
,"Faurecia Interior Systems - Tuscaloosa","1401 Industrial Park Drive",,"Tuscaloosa","AL","Alabama","US","United States",35405,,"Shipping",,,,,,,50000,,,"TRUE","FALSE","TRUE","FALSE","Faurecia Interior Systems, Inc.","Net-30 Days",
,"FTE Automotive USA - Fair Haven","6015 Corporate Drive",,"Fair Haven","MI","Michigan","US","United States",48023,,"Shipping",,"248-377-4963",,"248-340-1259",,,50000,,,"TRUE","FALSE","TRUE","FALSE","FTE Automotive USA Inc.","Net-30 Days",
,"General Motors  - Flint","GMPT - Flint Engine South","2100 Bristol Road","Flint","MI","Michigan","US","United States",48552,,"Shipping",,,,"248-874-4636",,,50000,,,"TRUE","FALSE","TRUE","FALSE","General Motors ","Net-60 Days",
,"General Motors - Lordstown","2300 Hallock Young Rd",,"Lordstown","OH","Ohio","US","United States",44481,,"Shipping",,,,"330-824-5000",,,50000,,,"TRUE","FALSE","TRUE","FALSE","General Motors","Net-30 Days",
,"General Motors - Ypsilanti",,,"Ypsilanti","MI","Michigan","US","United States",,,"Shipping",,"734-481-5219",,"734-481-6637",,,500000,,,"TRUE","FALSE","TRUE","FALSE","General Motors","Net-30 Days",
,"Graham Packaging - Belvidere","600 Fifth Street",,"Belvidere","NJ","New Jersey","US","United States",7823,,"Default",,"908-475-4724",,"908-475-2181",,,50000,,,"TRUE","FALSE","TRUE","FALSE","Graham Packaging, Inc.","Net-30 Days",
,"Graham Packaging - Iowa City","2515 Independence Rd.",,"Iowa City","IA","Iowa","US","United States",52240,,"Default",,,,"319-358-4701",,,50000,,,"TRUE","FALSE","TRUE","FALSE","Graham Packaging, Inc.","Net-30 Days",
,"Graham Packaging - York2","1203 Eden Ave.",,"York","PA","Pennsylvania","US","United States","43604-1558",,"Default",,,,"717-505-4816",,,100000,,,"TRUE","FALSE","TRUE","FALSE","Graham Packaging, Inc.","2%-10 Days/Net-30 Days",
,"Graham Packaging - Vandalia","1111 Imco Drive",,"Vandalia","IL","Illinois","US","United States",62471,,"Default",,"618-283-4377",,"618-283-1570",,,100000,,,"TRUE","FALSE","TRUE","FALSE","Graham Packaging, Inc.","2%-10 Days/Net-30 Days",
,"Graham Packaging - York1","2401 Pleasant Valley Road",,"York","PA","Pennsylvania","US","United States",17402,,"Default",,"717-848-4836",,"717-849-8775",,,50000,,,"TRUE","FALSE","TRUE","FALSE","Graham Packaging, Inc.","Net-30 Days",
,"Graham Packaging - Harrisonburg","291 Wolfe Street",,"Harrisonburg","VA","Virginia","US","United States",22802,,"Default",,"540-564-2873",,"540-564-1000",,,100000,,,"TRUE","FALSE","TRUE","FALSE","Graham Packaging, Inc.","2%-10 Days/Net-30 Days",
,"Greif, Inc.-CA - Belleville","Accounts Payable","300 University Ave.","Belleville","ON","Ontario","CA","Canada","K8N 5T6",,"Shipping",,,,"613-968-6429",,,50000,,,"TRUE","FALSE","TRUE","FALSE","Greif, Inc.-CA","Net-30 Days",
,"Greif, Inc.-US - Bradley","150 E North Street",,"Bradley","IL","Illinois","US","United States",60915,,"Shipping",,,,"740-549-6000",,,50000,,,"TRUE","FALSE","TRUE","FALSE","Greif, Inc.-US","Net-30 Days",
,"Greif, Inc.-US - West Hazelton","95 Jaycee Drive",,"West Hazelton","PA","Pennsylvania","US","United States",18210,,"Shipping",,,,"740-549-6000",,,100000,,,"TRUE","FALSE","TRUE","FALSE","Greif, Inc.-US","Net-30 Days",
,"Greif, Inc.-US - Houston","9280 Baythorne  Drive",,"Houston","TX","Texas","US","United States",77041,,"Shipping",,,,"740-549-6000",,,100000,,,"TRUE","FALSE","TRUE","FALSE","Greif, Inc.-US","Net-30 Days",
,"Greif, Inc.-US - LaPalma","5701 Fresca Drive",,"LaPalma","CA","California","US","United States",90623,,"Shipping",,,,"740-549-6000",,,100000,,,"TRUE","FALSE","TRUE","FALSE","Greif, Inc.-US","Net-30 Days",
,"Greif, Inc.-US - Lavonia","160 Alex Street",,"Lavonia","GA","Georgia","US","United States",30553,,"Shipping",,,,"740-549-6000",,,100000,,,"TRUE","FALSE","TRUE","FALSE","Greif, Inc.-US","Net-60 Days",
,"Greif, Inc.-US - Lockport","1225 Daviess Street",,"Lockport","IL","Illinois","US","United States",60441,,"Shipping",,,,"740-549-6000",,,100000,,,"TRUE","FALSE","TRUE","FALSE","Greif, Inc.-US","Net-30 Days",
,"Greif, Inc.-US - Mount Sterling","Greif Brother Corp","215 Midland Trail","Mount Sterling","KY","Kentucky","US","United States",40353,,"Shipping",,,,"740-549-6000",,,100000,,,"TRUE","FALSE","TRUE","FALSE","Greif, Inc.-US","Net-30 Days",
,"Greif, Inc.-US - Windsor Locks","491 North Street",,"Windsor Locks","CT","Connecticut","US","United States",6096,,"Shipping",,,,"740-549-6000",,,100000,,,"TRUE","FALSE","TRUE","FALSE","Greif, Inc.-US","Net-30 Days",
,"Honeywell - Woodstock","Woodstock Hospital","310 Juliana Drive","Woodstock","ON","Ontario","US","Canada","N4V 0A4",,"Shipping",,"514-422-3493",,"514-422-3551",,,50000,,,"TRUE","FALSE","TRUE","FALSE","Honeywell","Net-30 Days",
,"Industrial Distribution Group - York","3100 Farm Trail",,"York","PA","Pennsylvania","US","United States",17406,,"Shipping",,,,,,,50000,,,"TRUE","FALSE","TRUE","FALSE","Industrial Distribution Group","Net-30 Days",
,"International Paper - Visalia","1600 Kelsey Rd.",,"Visalia","CA","California","US","United States","93291-0001",,"Shipping",,"559-651-0170",,"877-447-2737",,,50000,,,"TRUE","FALSE","TRUE","FALSE","International Paper","Net-30 Days",
,"Kimberly Clark - Jenks","Kimberly Clark -Jenks","13252 S. Yale Place","Jenks","OK","Oklahoma","US","United States",740371,,"Shipping",,"(918) 366-5050",,"918-366-5000",,,50000,,,"TRUE","FALSE","TRUE","FALSE","Kimberly Clark","Net-30 Days",
,"KUKA Assembly and Test Corp. - Fenton","255 S. Fenway Dr.",,"Fenton","MI","Michigan","US","United States",48430,,"Shipping",,"989-777-2922",,"989-777-2111",,,50000,,,"TRUE","FALSE","TRUE","FALSE","KUKA Assembly and Test Corp.","Net-30 Days",
,"Lear Corporation - Edinburgh","600 S. Kyle Street",,"Edinburgh","IN","Indiana","US","United States",46124,,"Default",,,,"812-526-5551",,,50000,,,"TRUE","FALSE","TRUE","FALSE","Lear Corporation","Net-30 Days",
,"Lear Corporation - Madisonville","850 Industrial Drive",,"Madisonville","KY","Kentucky","US","United States",42431,,"Default",,"270-821-2804",,"270-821-2809",,,100000,,,"TRUE","FALSE","TRUE","FALSE","Lear Corporation","2%-10 Days/Net-30 Days",
,"Lear Corporation - Taylor","26575 Northline",,"Taylor","MI","Michigan","US","United States",48180,,"Default",,,,"734-946-1600",,,10000,,,"TRUE","FALSE","TRUE","FALSE","Lear Corporation","2%-10 Days/Net-30 Days",
,"LiDestri Foods, Inc. - Rochester","1020 Lee Rd.",,"Rochester","NY","New York","US","United States",14606,,"Shipping",,,,,,,50000,,,"TRUE","FALSE","TRUE","FALSE","LiDestri Foods, Inc.","Net-30 Days",
,"Lord Corporation - Erie","1635 West Twelth Street",,"Erie","PA","Pennsylvania","US","United States",16505,,"Shipping",,"814-860-3780",,"814-868-0924",,,50000,,,"TRUE","FALSE","TRUE","FALSE","Lord Corporation","Net-30 Days",
,"Mauser - Addison","Addison Plastic Packaging","1350 West Fullerton Rd.","Addison","IL","Illinois","US","United States",60101,,"Default",,"630-628-0986",,"630-628-2000",,,50000,,,"TRUE","FALSE","TRUE","FALSE","Mauser","Net-30 Days",
,"Mauser - Alpharetta","2001 Westside Parkway","Suite 130","Alpharetta","GA","Georgia","US","United States",,,"Default",,,,"678-542-1006",,,50000,,,"TRUE","FALSE","TRUE","FALSE","Mauser","Net-30 Days",
,"Mauser - Anniston","1800 Coleman Road",,"Anniston","AL","Alabama","US","United States",36207,,"Default",,"256-835-1428",,"256-831-8441",,,50000,,,"TRUE","FALSE","TRUE","FALSE","Mauser","Net-30 Days",
,"Mauser - Bridgewater","685 Route 202/206",,"Bridgewater","NJ","New Jersey","US","United States",8807,,"Default",,"908-203-1940",,"908-203-3500",,,50000,,,"TRUE","FALSE","TRUE","FALSE","Mauser","Net-30 Days",
,"Mauser - Burlington","1121 Pioneer Road",,"Burlington","ON","Ontario","CA","Canada","L7M 1K5",,"Default",,"905-332-5515",,"905-332-2385",,,50000,,,"TRUE","FALSE","TRUE","FALSE","Mauser","Net-30 Days",
,"Mauser - Charlotte","1209 S. Tar Heel Road",,"Charlotte","NC","North Carolina","US","United States",28208,,"Default",,"704-398-1946",,"704-398-2325",,,50000,,,"TRUE","FALSE","TRUE","FALSE","Mauser","Net-30 Days",
,"Mauser - Conroe","410 South Trade Center Parkway",,"Conroe","TX","Texas","US","United States",77385,,"Default",,"936-273-1180",,"936-273-3800",,,50000,,,"TRUE","FALSE","TRUE","FALSE","Mauser","Net-30 Days",
,"Mauser - East Brunswick","35 Cotters Lane",,"East Brunswick","NJ","New Jersey","US","United States",8816,,"Default",,"732-651-8963",,"732-651-9717",,,50000,,,"TRUE","FALSE","TRUE","FALSE","Mauser","Net-30 Days",
,"Mauser - Gahanna","1410 Blatt Blvd",,"Gahanna","OH","Ohio","US","United States",43230,,"Default",,,,"732-353-7069",,,50000,,,"TRUE","FALSE","TRUE","FALSE","Mauser","Net-30 Days",
,"Mauser - Hebron","2340 Global Way",,"Hebron","KY","Kentucky","US","United States",41048,,"Default",,"859-334-5542",,"859-334-4380",,,50000,,,"TRUE","FALSE","TRUE","FALSE","Mauser","Net-30 Days",
,"Mauser - Houston","4004 Homestead Rd.",,"Houston","TX","Texas","US","United States",77028,,"Default",,"713-672-6429",,"713-670-2336",,,50000,,,"TRUE","FALSE","TRUE","FALSE","Mauser","Net-30 Days",
,"Mauser - Mt. Vernon","219 Commerce",,"Mt. Vernon","OH","Ohio","US","United States",43050,,"Default",,"859-334-5542",,"740-397-1762",,,50000,,,"TRUE","FALSE","TRUE","FALSE","Mauser","Net-30 Days",
,"Mauser - Rancho Cucamonga","9449 Santa Anita Avenue",,"Rancho Cucamonga","CA","California","US","United States",91730,,"Default",,"909-484-0257",,"909-980-7114",,,50000,,,"TRUE","FALSE","TRUE","FALSE","Mauser","Net-30 Days",
,"Mauser - Woodbridge","14 Convery Boulevard",,"Woodbridge","NJ","New Jersey","US","United States",7095,,"Default",,"732-634-2927",,"732-634-6000",,,50000,,,"TRUE","FALSE","TRUE","FALSE","Mauser","Net-30 Days",
,"McNaughton-McKay - Madison Heights","1357 East Lincoln Avenue",,"Madison Heights","MI","Michigan","US","United States",48071,,"Shipping",,"248-399-6828",,"248-414-2168",,,50000,,,"TRUE","FALSE","TRUE","FALSE","McNaughton-McKay Electric Co. Customer","Net-30 Days",
,"MS Plastic Welders - Fowlerville","895 Garden Lane",,"Fowlerville","MI","Michigan","US","United States",48836,,"Shipping",,"517-223-0829",,"517-223-1059",,,50000,,,"TRUE","FALSE","TRUE","FALSE","MS Plastic Welders, LLC","Net-30 Days",
,"Nestle USA - Solon","5750 Harper Rd.",,"Solon","OH","Ohio","US","United States","44139-1831",,"Shipping",,,,"888-202-4554",,,50000,,,"TRUE","FALSE","TRUE","FALSE","Nestle USA","Net-30 Days",
,"Paperchine - Rockton","1155 Prairie Hill Rd.",,"Rockton","IL","Illinois","US","United States",61072,,"Shipping",,"413-593-6622",,"413-593-6600",,,50000,,,"TRUE","FALSE","TRUE","FALSE",,"Net-30 Days",
,"Plastic Container Corp. - Urbana","2508 North Oak Street",,"Urbana","IL","Illinois","US","United States",61802,,"Shipping",,"217-352-2822",,"217-352-2772",,,50000,,,"TRUE","FALSE","TRUE","FALSE","Plastic Container Corp.","Net-30 Days",
,"Powerhouse Controls - Stratford","89 Lorne Avenue East","Unit 2","Stratford","ON","Ontario","CA","Canada","N5A 6S4",,"Shipping",,"519-273-6221",,"519-273-6602",,,50000,,,"TRUE","FALSE","TRUE","FALSE","Powerhouse Controls Limited","Net-30 Days",
,"Quemetco - Indianapolis","7870 West Morris St.",,"Indianapolis","IN","Indiana","US","United States",46231,,"Shipping",,,,"214-631-6070",,,50000,,,"TRUE","FALSE","TRUE","FALSE","Quemetco, Inc","Net-30 Days",
,"Ralston Foods - Battle Creek","150 S. McCamly",,"Battle Creek","MI","Michigan","US","United States",49017,,"Shipping",,"269-968-8392",,"269-968-8392",,,50000,,,"TRUE","FALSE","TRUE","FALSE","Ralcorp Holdings (Ralston Foods)","Net-30 Days",
,"Rayonier Performance Fiber - Fernandina","10 Gum Street",,"Fernandina","FL","Florida","US","United States",32034,,"Default",,,,,,,50000,,,"TRUE","FALSE","TRUE","FALSE","Rayonier Performance Fiber","Net-30 Days",
,"Rayonier Performance Fiber - Jesup","PO Box 2070","4470 Savannah Hwy.","Jesup","GA","Georgia","US","United States",31545,,"Default",,,,"912-427-5232",,,50000,,,"TRUE","FALSE","TRUE","FALSE","Rayonier Performance Fiber","Net-30 Days",
,"Rexam Plastic Packaging - Berlin","5091 County Road #120","P.O. Box 285","Berlin","OH","Ohio","US","United States",44610,,"Shipping",,"(330) 893-3096",,"330-893-2451",,,50000,,,"TRUE","FALSE","TRUE","FALSE","Rexam Plastic Packaging","Net-30 Days",
,"Rexam Plastic Packaging - Franklin","1900 Musicland Drive",,"Franklin","IN","Indiana","US","United States",46131,,"Shipping",,,,"317-346-5136",,,50000,,,"TRUE","FALSE","TRUE","FALSE","Rexam Plastic Packaging","Net-30 Days",
,"Rexam Plastic Packaging - Greenville","200 Arrowhead Court","Donaldson Center Ind. Park","Greenville","SC","South Carolina","US","United States",29605,,"Shipping",,"864-277-0020",,"864-277-0817",,,50000,,,"TRUE","FALSE","TRUE","FALSE","Rexam Plastic Packaging","Net-30 Days",
,"Rexam Plastic Packaging - Harrisonburg","291 Wolfe Street",,"Harrisonburg","VA","Virginia","US","United States",22802,,"Shipping",,"540-564-2873",,"540-564-1000",,,50000,,,"TRUE","FALSE","TRUE","FALSE","Rexam Plastic Packaging","Net-30 Days",
,"Rexam Plastic Packaging - Nashua","1 Cellu Drive","Route 101A","Nashua","NH","New Hampshire","US","United States",3063,,"Shipping",,,,"603-889-2000",,,50000,,,"TRUE","FALSE","TRUE","FALSE","Rexam Plastic Packaging","Net-30 Days",
,"Rexam Plastic Packaging - Las Piedras","Road 183 - KM 20",,"Las Piedras",,,"PR","Puerto Rico","00771-2023",,"Shipping",,"787-733-2225",,"787-733-5511",,,50000,,,"TRUE","FALSE","TRUE","FALSE","Rexam Plastic Packaging","Net-30 Days",
,"Rexam Plastic Packaging - Rossville","418 W. Lake Ave.",,"Rossville","GA","Georgia","US","United States",30741,,"Shipping",,"706-858-0046",,"706-866-3112",,,50000,,,"TRUE","FALSE","TRUE","FALSE","Rexam Plastic Packaging","Net-30 Days",
,"Rexam Plastic Packaging - Sullivan","110 Industrial Park Drive",,"Sullivan","IN","Indiana","US","United States",47882,,"Shipping",,,,"812-268-3366",,,50000,,,"TRUE","FALSE","TRUE","FALSE","Rexam Plastic Packaging","Net-30 Days",
,"Rexam Plastic Packaging - Toledo","1 SeaGate - 29 LDP",,"Toledo","OH","Ohio","US","United States","43604-1558",,"Shipping",,"567-336-7200",,"567-336-8049",,,50000,,,"TRUE","FALSE","TRUE","FALSE","Rexam Plastic Packaging","Net-30 Days",
,"Rexam Plastic Packaging - Washington","14B Brass Castle Road",,"Washington","NJ","New Jersey","US","United States",7882,,"Shipping",,"908-689-4955",,"908-689-1660",,,50000,,,"TRUE","FALSE","TRUE","FALSE","Rexam Plastic Packaging","Net-30 Days",
,"Rockwell Automation US - Milwaukee","PO BOX 2167",,"Milwaukee","WI","Wisconsin","US","United States",53201,,"Shipping",,,,"440-646-4875",,,50000,,,"TRUE","FALSE","TRUE","FALSE","Rockwell Automation US","Net-30 Days",
,"Rockwell Automation CA - Cambridge","135 Dundas Street",,"Cambridge","ON","Ontario","CA","Canada","N1R 5X1",,"Shipping",,,,"519-244-5016",,,50000,,,"TRUE","FALSE","TRUE","FALSE","Rockwell Automation CA","Net-30 Days",
,"Rockwell Automation - Coraopolis","510 Lindbergh Drive",,"Coraopolis","PA","Pennsylvania","US","United States",15108,,"Shipping",,"412-375-4701",,,,,50000,,,"TRUE","FALSE","TRUE","FALSE","Rockwell Automation US","Net-30 Days",
,"Rockwell Automation - Milwaukee","PO Box 3031",,"Milwaukee","WI","Wisconsin","US","United States",53201,,"Shipping",,"440-646-4843",,"440-646-4875",,,50000,,,"TRUE","FALSE","TRUE","FALSE","Rockwell Automation US","Net-60 Days",
,"Silgan Plastics - Monroe","694 Addison Dr",,"Monroe","GA","Georgia","US","United States",30655,,"Default",,,,,,,50000,,,"TRUE","FALSE","TRUE","FALSE","Silgan Holdings, Inc.","Net-30 Days",
,"Silgan Plastics - Flora","#2 Industrial Park",,"Flora","IL","Illinois","US","United States",62839,,"Default",,"618-662-4210",,"618-662-4471",,,100000,,,"TRUE","FALSE","TRUE","FALSE","Silgan Holdings, Inc.","Net-30 Days",
,"Silgan Plastics - Franklin","715 Orange Street",,"Franklin","KY","Kentucky","US","United States",42134,,"Default",,"770-243-5300",,"770-243-5235",,,50000,,,"TRUE","FALSE","TRUE","FALSE","Silgan Holdings, Inc.","Net-30 Days",
,"Silgan Plastics - Houston","6814 Kirbyville",,"Houston","TX","Texas","US","United States",77033,,"Default",,,,"713-644-5201",,,50000,,,"TRUE","FALSE","TRUE","FALSE","Silgan Holdings, Inc.","Net-30 Days",
,"Silgan Plastics - Lachine","1795, 32E Avenue",,"Lachine","QC","Quebec","CA","Canada","H8T 3J1",,"Default",,,,"514-631-1140",,,50000,,,"TRUE","FALSE","TRUE","FALSE","Silgan Holdings, Inc.","Net-30 Days",
,"Silgan Plastics - Mississauga","1575 Drew Road",,"Mississauga","ON","Ontario","CA","Canada","L5S 1S5",,"Default",,,,"905-677-2324",,,50000,,,"TRUE","FALSE","TRUE","FALSE","Silgan Holdings, Inc.","Net-30 Days",
,"Silgan Plastics - Norcross","1858 Meca Way",,"Norcross","GA","Georgia","US","United States",30093,,"Default",,"770-243-5300",,"770-243-5235",,,100000,,,"TRUE","FALSE","TRUE","FALSE","Silgan Holdings, Inc.","Net-30 Days",
,"Silgan Plastics - Ottawa","690 Woodland Drive","P.O. Box 29","Ottawa","OH","Ohio","US","United States",45875,,"Default",,"419-523-4930",,"419-523-3737",,,10000,,,"TRUE","FALSE","TRUE","FALSE","Silgan Holdings, Inc.","Net-30 Days",
,"Silgan Plastics - Penn Yan","40 Powell Lane",,"Penn Yan","NY","New York","US","United States",14527,,"Default",,,,"315-536-5690",,,100000,,,"TRUE","FALSE","TRUE","FALSE","Silgan Holdings, Inc.","Net-30 Days",
,"Silgan Plastics - Port Clinton","5225 West Lakeshore Drive","Suite 460","Port Clinton","OH","Ohio","US","United States",43452,,"Default",,"419-635-2129",,"419-635-2144",,,10000,,,"TRUE","FALSE","TRUE","FALSE","Silgan Holdings, Inc.","Net-30 Days",
,"Silgan Plastics - Richmond","7820 Whitepine Road",,"Richmond","VA","Virginia","US","United States","23237-2211",,"Default",,,,"804-271-2567",,,50000,,,"TRUE","FALSE","TRUE","FALSE","Silgan Holdings, Inc.","Net-30 Days",
,"Silgan Plastics - Scarborough","1200 Ellesmere Road",,"Scarborough","ON","Ontario","CA","Canada","M1P 2X4",,"Default",,,,"416-293-8233",,,50000,,,"TRUE","FALSE","TRUE","FALSE","Silgan Holdings, Inc.","Net-30 Days",
,"Silgan Plastics - Triadelphia","Dallas Pike Industrial Park","Road #1","Triadelphia","WV","West Virginia","US","United States",26059,,"Default",,,,"304-547-9100",,,100000,,,"TRUE","FALSE","TRUE","FALSE","Silgan Holdings, Inc.","Net-30 Days",
,"Silgan Plastics - Valencia","27801 Avenue Scott",,"Valencia","CA","California","US","United States",91355,,"Default",,"661-775-4390",,"661-295-2890",,,10000,,,"TRUE","FALSE","TRUE","FALSE","Silgan Holdings, Inc.","Net-30 Days",
,"Sur-Flo Plastics - Fraser","18401 Mayln Blvd.",,"Fraser","MI","Michigan","US","United States",48026,,"Shipping",,"586-773-4433",,"586-773-0400",,,50000,,,"TRUE","FALSE","TRUE","FALSE","Sur-Flo Plastics, Inc.","Net-30 Days",
,"T.A. Systems - Rochester Hills","1890 Rochester Industrial Dr.",,"Rochester Hills","MI","Michigan","US","United States",48309,,"Shipping",,"248-656-8763",,"248-656-5150",,,50000,,,"TRUE","FALSE","TRUE","FALSE",,"Net-30 Days",
,"Tekni-Plex   - Decatur","2110 Patterson",,"Decatur","IN","Indiana","US","United States",46733,,"Shipping",,,,,,,50000,,,"TRUE","FALSE","TRUE","FALSE","Tekni-Plex  ","Net-30 Days",
,"Tekni-Plex   - Wayne","460 E. Swedesford Rd.","Suite 3000","Wayne","PA","Pennsylvania","US","United States",19087,,"Shipping",,,,"484-690-1524",,,50000,,,"TRUE","FALSE","TRUE","FALSE","Tekni-Plex  ","Net-30 Days",
,"Department of Veteran Affairs - Bath","76 Veterans Avenue",,"Bath","NY","New York","US","United States",14810,,"Shipping",,,,,,,50000,,,"TRUE","FALSE","TRUE","FALSE","Department of Veteran Affairs","1%-10 Days/Net-30 Days",
,"Department of Veteran Affairs - Ann Arbor","2215 Fuller Road",,"Ann Arbor","MI","Michigan","US","United States",48105,,"Shipping",,,,"313-701-5454",,,50000,,,"TRUE","FALSE","TRUE","FALSE","Department of Veteran Affairs","1%-10 Days/Net-30 Days",
,"Department of Veteran Affairs - Butler","VA Medical Center","325 New Castle Road, Bldg 1","Butler","PA","Pennsylvania","US","United States","16001-2480",,"Shipping",,"512-460-5545",,"877-353-8971",,,50000,,,"TRUE","FALSE","TRUE","FALSE","Department of Veteran Affairs","Net-30 Days",
,"Department of Veteran Affairs - Danville","Network Contracting Activity","1900 E. Main St. bldg 102","Danville","IL","Illinois","US","United States","61832-5100",,"Shipping",,,,,,,50000,,,"TRUE","FALSE","TRUE","FALSE","Department of Veteran Affairs","1%-10 Days/Net-30 Days",
,"Department of Veteran Affairs - Detroit","John D. Dingell Medical Center","4646 John R Street","Detroit","MI","Michigan","US","United States",48201,,"Shipping",,,,"313-576-3169",,,50000,,,"TRUE","FALSE","TRUE","FALSE","Department of Veteran Affairs","1%-10 Days/Net-30 Days",
,"Washtenaw County - Ann Arbor","Facilities Management / 80080","110 N. Fourth Street","Ann Arbor","MI","Michigan","US","United States",48104,,"Shipping",,"734-973-4573",,"734-260-5244",,,50000,,,"TRUE","FALSE","TRUE","FALSE","Washtenaw County","Net-30 Days",
,"Wek Industries, Inc. - Jefferson","1085 Jefferson Street",,"Jefferson","OH","Ohio","US","United States",44047,,"Shipping",,,,"440-576-6940",,,100000,,,"TRUE","FALSE","TRUE","FALSE","Wek Industries, Inc.","2%-10 Days/Net-30 Days",
,"Wek Industries, Inc. - Reedsville","1001 NE Market Street",,"Reedsville","NC","North Carolina","US","United States",27320,,"Shipping",,,,"336-342-4101",,,100000,,,"TRUE","FALSE","TRUE","FALSE","Wek Industries, Inc.","2%-10 Days/Net-30 Days",
